{
    "providers": [
        {
            "type": "bitmap",
            "file": "minecraft:font/logo.png",
            "ascent": 0,
            "height": 30,
            "chars": [
                "\u00FF"
            ]
        },
        {
            "type": "bitmap",
            "file": "minecraft:font/admin.png",
            "ascent": 10,
            "height": 12,
            "chars": [
                "\u00E8"
            ]
        },
        {
            "type": "bitmap",
            "file": "minecraft:font/nixya.png",
            "ascent": 10,
            "height": 12,
            "chars": [
                "\u00E7"
            ]
        },
        {
            "type": "bitmap",
            "file": "minecraft:font/player.png",
            "ascent": 10,
            "height": 12,
            "chars": [
                "\u00FE"
            ]
        },
        {
            "type": "bitmap",
            "file": "minecraft:font/moder.png",
            "ascent": 10,
            "height": 12,
            "chars": [
                "\u00FC"
            ]
        },
        {
            "type": "bitmap",
            "file": "minecraft:font/sponsorplus.png",
            "ascent": 10,
            "height": 12,
            "chars": [
                "\u00FA"
            ]
        },
        {
            "type": "bitmap",
            "file": "minecraft:font/texadmin.png",
            "ascent": 10,
            "height": 12,
            "chars": [
                "\u00FD"
            ]
        },
        {
            "type": "bitmap",
            "file": "minecraft:font/sponsor.png",
            "ascent": 10,
            "height": 12,
            "chars": [
                "\u00FB"
            ]
        },
        {
            "type": "bitmap",
            "file": "minecraft:font/sponsorsss.png",
            "ascent": 10,
            "height": 12,
            "chars": [
                "\u00F9"
            ]
        },
        {
            "type": "bitmap",
            "file": "minecraft:font/amnyam.png",
            "ascent": 18,
            "height": 25,
            "chars": [
                "\u5350"
            ]
        },
        {
            "type": "bitmap",
            "file": "minecraft:font/stream.png",
            "ascent": 10,
            "height": 12,
            "chars": [
                "\u00F1"
            ]
        }
    ]
}